{"cameraMode":{"drawMode":0,"name":"Shaded","section":"Shading Mode"},"sceneLighting":true,"audioPlay":false,"sceneViewState":{"showFog":true,"showMaterialUpdate":false,"showSkybox":true,"showFlares":true,"showImageEffects":true,"showParticleSystems":true},"in2DMode":false,"pivot":{"x":5.324960231781006,"y":1.0004277229309083,"z":20.88033103942871},"rotation":{"x":-0.11184272915124893,"y":-0.5541031360626221,"z":0.0754304975271225,"w":-0.8214983344078064},"size":6.543914318084717,"orthographic":false}